{
    "resprate": [
        20.72783472390999, 
        6.061231616898964
    ], 
    "heartrate": [
        87.24208663432614, 
        17.535329007566794
    ], 
    "hemoglobin": [
        10.1170314696525, 
        1.6699910482357025
    ], 
    "spo2": [
        97.07991002247859, 
        3.4620568709546142
    ], 
    "inr": [
        1.6384611803883304, 
        1.062862532330712
    ], 
    "C-reactive protein": [
        84.1236312849162, 
        78.51374619611902
    ], 
    "creatinine": [
        1.5180544055798344, 
        1.4232490735079848
    ], 
    "ptt": [
        44.21400511625551, 
        24.6464310283006
    ], 
    "hematocrit": [
        29.952485099793705, 
        4.770358103452997
    ], 
    "sysbp": [
        121.91852217934336, 
        22.682963877761214
    ], 
    "pt": [
        17.11067605180021, 
        7.884748542393942
    ], 
    "sodium": [
        139.32800050822422, 
        5.27929431711973
    ], 
    "diasbp": [
        60.63567533256841, 
        14.024641000876235
    ], 
    "platelet": [
        237.48755831101212, 
        163.4972898834035
    ], 
    "chloride": [
        104.76858624026293, 
        6.557509999856693
    ], 
    "gcs_min": [
        10.542715137120362, 
        3.7553254669405787
    ], 
    "tempc": [
        37.0576188117482, 
        0.833999690932688
    ], 
    "bicarbonate": [
        25.101715732756222, 
        5.403679546092164
    ], 
    "bands": [
        8.532215250965251, 
        9.592976477550687
    ], 
    "lactate": [
        2.4219698236394755, 
        2.288592046014113
    ], 
    "meanbp": [
        79.38518035156547, 
        16.170537619655494
    ], 
    "bun": [
        32.0854056907797, 
        24.7139596599674
    ], 
    "Magnesium": [
        2.078227616885437, 
        0.41204390412980285
    ], 
    "urineoutput": [
        125.81092635922734, 
        639.2388942411202
    ], 
    "wbc": [
        12.36373574033057, 
        8.159899203165784
    ], 
    "time": [
        152.3768921065985, 
        128.7546712192391
    ], 
    "glucose": [
        144.05907608496264, 
        2197.4855545674295
    ], 
    "aniongap": [
        13.546844863969504, 
        4.027053739987207
    ]
}